Date,Open,High,Low,Close,Adj Close,Volume
2017-01-20,0.893000,0.895000,0.893000,0.895000,0.841405,110600
2017-01-23,0.900000,0.900000,0.900000,0.900000,0.846106,1600
2017-01-24,0.905000,0.905000,0.905000,0.905000,0.850806,5000
2017-01-25,null,null,null,null,null,null
2017-01-26,0.904000,0.904000,0.904000,0.904000,0.849866,4000
2017-01-27,0.902000,0.902000,0.902000,0.902000,0.847986,1700
2017-01-31,0.902000,0.902000,0.900000,0.900000,0.846106,2500
2017-02-01,null,null,null,null,null,null
2017-02-02,0.903000,0.903000,0.903000,0.903000,0.848926,100
2017-02-03,0.908000,0.911000,0.908000,0.910000,0.855507,268000
2017-02-06,null,null,null,null,null,null
2017-02-07,0.912000,0.918000,0.912000,0.912000,0.857387,149600
2017-02-08,0.918000,0.918000,0.918000,0.918000,0.863028,9100
2017-02-09,0.924000,0.924000,0.924000,0.924000,0.868668,11000
2017-02-10,null,null,null,null,null,null
2017-02-13,0.929000,0.929000,0.929000,0.929000,0.873369,85000
2017-02-14,0.930000,0.936000,0.930000,0.935000,0.879010,292000
2017-02-15,0.931000,0.931000,0.931000,0.931000,0.875249,2000
2017-02-16,0.935000,0.935000,0.931000,0.931000,0.875249,81500
2017-02-17,0.935000,0.936000,0.935000,0.936000,0.879950,42500
2017-02-20,0.935000,0.935000,0.935000,0.935000,0.879010,42300
2017-02-21,0.932000,0.934000,0.931000,0.931000,0.875249,34700
2017-02-22,0.938000,0.940000,0.938000,0.940000,0.883710,47600
2017-02-23,0.938000,0.940000,0.938000,0.940000,0.883710,36300
2017-02-24,null,null,null,null,null,null
2017-02-27,0.939000,0.941000,0.939000,0.940000,0.883710,105500
2017-02-28,0.941000,0.941000,0.937000,0.937000,0.880890,22200
2017-03-01,0.936000,0.936000,0.936000,0.936000,0.879950,25000
2017-03-02,0.928000,0.928000,0.928000,0.928000,0.872429,1900
2017-03-03,0.926000,0.926000,0.925000,0.925000,0.869609,5000
2017-03-06,0.926000,0.926000,0.926000,0.926000,0.870549,2000
2017-03-07,0.930000,0.930000,0.930000,0.930000,0.874309,1000
2017-03-08,0.923000,0.923000,0.923000,0.923000,0.867728,5200
2017-03-09,0.920000,0.920000,0.911000,0.911000,0.856447,5400
2017-03-10,0.907000,0.907000,0.907000,0.907000,0.852686,61000
2017-03-13,0.905000,0.905000,0.905000,0.905000,0.850806,9000
2017-03-14,0.906000,0.906000,0.904000,0.904000,0.849866,39400
2017-03-15,0.907000,0.908000,0.907000,0.908000,0.853626,107700
2017-03-16,0.930000,0.934000,0.930000,0.934000,0.878070,11200
2017-03-17,null,null,null,null,null,null
2017-03-20,1.310000,1.311000,1.309000,1.311000,1.232494,10400
2017-03-21,1.305000,1.305000,1.302000,1.304000,1.225913,48400
2017-03-22,1.303000,1.313000,1.299000,1.313000,1.234374,44900
2017-03-23,1.300000,1.302000,1.300000,1.302000,1.224033,1300
2017-03-24,1.308000,1.308000,1.308000,1.308000,1.229673,18000
2017-03-27,1.309000,1.309000,1.305000,1.305000,1.226853,4200
2017-03-28,0.941000,0.943000,0.941000,0.943000,0.886531,10200
2017-03-29,1.323000,1.330000,1.323000,1.330000,1.250356,9000
2017-03-30,1.335000,1.349000,1.334000,1.334000,1.254117,36400
2017-03-31,1.337000,1.337000,1.331000,1.331000,1.251296,56000
2017-04-03,1.330000,1.330000,1.330000,1.330000,1.250356,29700
2017-04-04,1.342000,1.342000,1.331000,1.338000,1.257877,88300
2017-04-05,1.317000,1.317000,1.314000,1.314000,1.253774,7500
2017-04-06,1.314000,1.314000,1.312000,1.313000,1.252820,18200
2017-04-07,1.317000,1.317000,1.317000,1.317000,1.256637,1800
2017-04-10,1.318000,1.318000,1.314000,1.314000,1.253774,25100
2017-04-11,1.321000,1.321000,1.320000,1.320000,1.259499,4300
2017-04-12,1.320000,1.327000,1.320000,1.327000,1.266178,3000
2017-04-13,1.337000,1.337000,1.337000,1.337000,1.275720,52000
2017-04-17,1.328000,1.328000,1.328000,1.328000,1.267132,53800
2017-04-18,1.336000,1.336000,1.329000,1.329000,1.268087,59000
2017-04-19,1.325000,1.325000,1.311000,1.317000,1.256637,16400
2017-04-20,1.323000,1.328000,1.323000,1.328000,1.267132,21000
2017-04-21,1.330000,1.330000,1.327000,1.327000,1.266178,8900
2017-04-24,1.327000,1.327000,1.315000,1.319000,1.258545,20300
2017-04-25,1.320000,1.322000,1.320000,1.322000,1.261407,26800
2017-04-26,1.316000,1.316000,1.316000,1.316000,1.255682,5000
2017-04-27,1.316000,1.317000,1.316000,1.317000,1.256637,31400
2017-04-28,1.313000,1.313000,1.310000,1.310000,1.249957,55600
2017-05-02,1.330000,1.330000,1.329000,1.330000,1.269041,25300
2017-05-03,1.335000,1.335000,1.320000,1.324000,1.263316,54900
2017-05-04,1.311000,1.312000,1.310000,1.312000,1.251866,34500
2017-05-05,1.314000,1.314000,1.302000,1.303000,1.243278,69400
2017-05-08,1.310000,1.311000,1.300000,1.311000,1.250912,96100
2017-05-09,1.311000,1.311000,1.305000,1.305000,1.245187,10500
2017-05-11,1.308000,1.308000,1.308000,1.308000,1.248049,900
2017-05-12,1.312000,1.312000,1.307000,1.307000,1.247095,3600
2017-05-15,1.306000,1.306000,1.300000,1.300000,1.240416,35500
2017-05-16,1.302000,1.302000,1.300000,1.300000,1.240416,12000
2017-05-17,1.301000,1.301000,1.291000,1.291000,1.231828,52300
2017-05-18,1.290000,1.290000,1.280000,1.281000,1.222287,37300
2017-05-19,1.287000,1.287000,1.281000,1.281000,1.222287,20900
2017-05-22,0.931000,0.931000,0.931000,0.931000,0.888328,4000
2017-05-23,1.301000,1.301000,1.301000,1.301000,1.241370,500
2017-05-24,1.302000,1.307000,1.302000,1.307000,1.247095,122200
2017-05-25,null,null,null,null,null,null
2017-05-26,1.308000,1.308000,1.305000,1.305000,1.245187,24800
2017-05-29,null,null,null,null,null,null
2017-05-30,0.938000,0.938000,0.938000,0.938000,0.895008,119500
2017-05-31,1.305000,1.305000,1.305000,1.305000,1.245187,5000
2017-06-01,1.313000,1.313000,1.312000,1.312000,1.251866,3900
2017-06-02,1.319000,1.320000,1.317000,1.317000,1.256637,17700
2017-06-05,1.319000,1.324000,1.319000,1.324000,1.263316,4500
2017-06-06,0.947000,0.947000,0.947000,0.947000,0.903595,4500
2017-06-07,1.311000,1.311000,1.308000,1.308000,1.248049,28700
2017-06-08,1.312000,1.312000,1.310000,1.310000,1.249957,9100
2017-06-09,1.313000,1.313000,1.310000,1.311000,1.250912,94300
2017-06-12,0.947000,0.947000,0.947000,0.947000,0.903595,1500
2017-06-13,1.335000,1.335000,1.335000,1.335000,1.273812,1000
2017-06-14,1.331000,1.340000,1.331000,1.340000,1.278582,82700
2017-06-15,1.342000,1.342000,1.341000,1.341000,1.279536,8200
2017-06-16,0.977000,0.978000,0.977000,0.977000,0.932220,437200
2017-06-19,1.340000,1.356000,1.340000,1.356000,1.293849,8700
2017-06-20,1.355000,1.355000,1.347000,1.348000,1.286216,14900
2017-06-21,1.340000,1.340000,1.327000,1.330000,1.269041,48200
2017-06-22,1.330000,1.330000,1.325000,1.325000,1.264270,12100
2017-06-23,1.315000,1.321000,1.315000,1.321000,1.260453,17400
2017-06-27,1.322000,1.322000,1.315000,1.317000,1.256637,20900
2017-06-28,1.315000,1.320000,1.315000,1.320000,1.259499,11800
2017-06-29,1.320000,1.323000,1.320000,1.323000,1.262361,59000
2017-06-30,1.323000,1.323000,1.295000,1.295000,1.235645,164000
2017-07-03,1.320000,1.320000,1.293000,1.293000,1.233737,13600
2017-07-04,1.299000,1.305000,1.296000,1.296000,1.236599,127500
2017-07-05,1.290000,1.290000,1.285000,1.290000,1.230874,32400
2017-07-06,null,null,null,null,null,null
2017-07-07,1.290000,1.290000,1.281000,1.283000,1.224195,24100
2017-07-10,1.293000,1.293000,1.293000,1.293000,1.233737,15000
2017-07-11,1.294000,1.294000,1.284000,1.284000,1.225149,31000
2017-07-12,1.281000,1.282000,1.271000,1.275000,1.216562,68700
2017-07-13,1.280000,1.290000,1.280000,1.290000,1.230874,38500
2017-07-14,1.292000,1.297000,1.292000,1.297000,1.237553,8900
2017-07-17,1.300000,1.300000,1.300000,1.300000,1.240416,20000
2017-07-18,1.305000,1.315000,1.305000,1.315000,1.254728,71000
2017-07-19,1.325000,1.325000,1.325000,1.325000,1.264270,10000
2017-07-20,1.332000,1.332000,1.331000,1.331000,1.269995,13000
2017-07-21,1.323000,1.323000,1.323000,1.323000,1.262361,6100
2017-07-24,1.323000,1.323000,1.311000,1.311000,1.250912,1900
2017-07-25,1.327000,1.330000,1.325000,1.325000,1.264270,56900
2017-07-26,1.329000,1.329000,1.329000,1.329000,1.268087,4000
2017-07-27,1.334000,1.344000,1.334000,1.339000,1.277628,55300
2017-07-28,1.333000,1.333000,1.331000,1.331000,1.269995,41000
2017-07-31,1.333000,1.333000,1.333000,1.333000,1.271903,5800
2017-08-01,1.339000,1.339000,1.339000,1.339000,1.277628,3400
2017-08-02,0.981000,0.981000,0.981000,0.981000,0.936037,56000
2017-08-03,1.322000,1.322000,1.322000,1.322000,1.261407,10000
2017-08-04,1.333000,1.333000,1.330000,1.330000,1.269041,57300
2017-08-07,1.333000,1.333000,1.330000,1.330000,1.269041,4100
2017-08-08,1.330000,1.330000,1.324000,1.328000,1.267132,22400
2017-08-10,1.328000,1.328000,1.328000,1.328000,1.267132,0
2017-08-11,1.312000,1.316000,1.312000,1.316000,1.255682,67400
2017-08-14,1.325000,1.325000,1.325000,1.325000,1.264270,7100
2017-08-15,1.336000,1.336000,1.328000,1.328000,1.267132,34500
2017-08-16,1.336000,1.336000,1.336000,1.336000,1.274766,2200
2017-08-17,1.343000,1.347000,1.343000,1.347000,1.285262,41600
2017-08-18,1.341000,1.341000,1.341000,1.341000,1.279536,75000
2017-08-21,1.339000,1.339000,1.339000,1.339000,1.277628,2000
2017-08-22,1.345000,1.347000,1.344000,1.347000,1.285262,128800
2017-08-23,1.347000,1.347000,1.347000,1.347000,1.285262,200
2017-08-24,1.335000,1.335000,1.327000,1.327000,1.266178,3500
2017-08-25,1.319000,1.319000,1.319000,1.319000,1.258545,12000
2017-08-28,1.319000,1.319000,1.319000,1.319000,1.258545,0
2017-08-29,1.317000,1.317000,1.313000,1.313000,1.252820,17500
2017-08-30,1.313000,1.313000,1.313000,1.313000,1.252820,0
2017-08-31,1.333000,1.333000,1.333000,1.333000,1.271903,1500
2017-09-04,1.335000,1.335000,1.334000,1.334000,1.272857,10100
2017-09-05,1.340000,1.343000,1.340000,1.343000,1.281445,9900
2017-09-06,1.340000,1.340000,1.338000,1.339000,1.277628,54500
2017-09-07,1.335000,1.339000,1.333000,1.339000,1.277628,247100
2017-09-08,1.338000,1.341000,1.338000,1.339000,1.277628,153500
2017-09-11,1.345000,1.351000,1.345000,1.345000,1.283353,151600
2017-09-12,1.350000,1.352000,1.350000,1.351000,1.289078,33400
2017-09-13,1.343000,1.343000,1.343000,1.343000,1.281445,2800
2017-09-14,1.341000,1.341000,1.340000,1.340000,1.278582,23600
2017-09-15,1.341000,1.341000,1.341000,1.341000,1.279536,300
2017-09-18,1.341000,1.347000,1.341000,1.341000,1.279536,11800
2017-09-19,1.340000,1.340000,1.334000,1.334000,1.272857,11100
2017-09-20,1.334000,1.334000,1.334000,1.334000,1.272857,0
2017-09-21,1.330000,1.330000,1.317000,1.317000,1.256637,41800
2017-09-22,1.316000,1.318000,1.316000,1.318000,1.257591,23100
2017-09-25,1.315000,1.315000,1.314000,1.314000,1.253774,55400
2017-09-26,1.314000,1.321000,1.314000,1.317000,1.256637,59500
2017-09-27,1.317000,1.317000,1.315000,1.315000,1.254728,88000
2017-09-28,1.317000,1.318000,1.313000,1.318000,1.257591,184900
2017-09-29,1.311000,1.311000,1.291000,1.291000,1.231828,35100
2017-10-02,1.308000,1.308000,1.300000,1.300000,1.240416,5500
2017-10-03,1.300000,1.300000,1.300000,1.300000,1.240416,24300
2017-10-04,1.300000,1.300000,1.292000,1.299000,1.239462,64900
2017-10-05,1.295000,1.295000,1.291000,1.291000,1.231828,5200
2017-10-06,1.296000,1.296000,1.296000,1.296000,1.236599,900
2017-10-09,1.298000,1.305000,1.298000,1.304000,1.244232,44000
2017-10-10,1.304000,1.304000,1.304000,1.304000,1.244232,2000
2017-10-11,1.309000,1.309000,1.300000,1.300000,1.240416,40300
2017-10-12,1.300000,1.300000,1.300000,1.300000,1.240416,0
2017-10-13,1.300000,1.300000,1.300000,1.300000,1.240416,0
2017-10-16,1.303000,1.310000,1.303000,1.310000,1.249957,11800
2017-10-17,1.311000,1.317000,1.311000,1.316000,1.255682,58100
2017-10-19,1.325000,1.325000,1.321000,1.321000,1.260453,8000
2017-10-20,1.326000,1.329000,1.326000,1.329000,1.268087,14500
2017-10-23,1.323000,1.329000,1.323000,1.329000,1.268087,62400
2017-10-24,1.328000,1.328000,1.318000,1.318000,1.257591,10000
2017-10-25,1.318000,1.318000,1.318000,1.318000,1.257591,0
2017-10-26,1.327000,1.330000,1.327000,1.328000,1.267132,41100
2017-10-27,1.318000,1.332000,1.318000,1.332000,1.270949,47200
2017-10-30,1.350000,1.350000,1.323000,1.323000,1.262361,64700
2017-10-31,1.323000,1.323000,1.323000,1.323000,1.262361,0
2017-11-01,1.323000,1.323000,1.323000,1.323000,1.262361,0
2017-11-02,1.325000,1.325000,1.324000,1.324000,1.263316,16100
2017-11-03,1.317000,1.323000,1.317000,1.323000,1.262361,9200
2017-11-06,1.323000,1.323000,1.323000,1.323000,1.262361,0
2017-11-07,1.323000,1.323000,1.323000,1.323000,1.262361,0
2017-11-08,1.323000,1.323000,1.323000,1.323000,1.262361,0
2017-11-09,1.340000,1.355000,1.340000,1.354000,1.291941,65400
2017-11-10,1.357000,1.360000,1.357000,1.360000,1.297666,51900
2017-11-13,1.368000,1.368000,1.365000,1.365000,1.302437,10000
2017-11-14,1.365000,1.365000,1.365000,1.365000,1.302437,0
2017-11-15,1.365000,1.365000,1.365000,1.365000,1.302437,0
2017-11-16,1.365000,1.365000,1.365000,1.365000,1.302437,0
2017-11-17,1.365000,1.365000,1.365000,1.365000,1.302437,0
2017-11-20,1.365000,1.365000,1.365000,1.365000,1.302437,0
2017-11-21,1.347000,1.347000,1.339000,1.339000,1.277628,26300
2017-11-22,1.339000,1.339000,1.339000,1.339000,1.277628,0
2017-11-23,1.339000,1.339000,1.339000,1.339000,1.277628,0
2017-11-24,1.339000,1.339000,1.339000,1.339000,1.277628,0
2017-11-27,1.335000,1.335000,1.335000,1.335000,1.273812,10100
2017-11-28,1.360000,1.360000,1.346000,1.348000,1.286216,12800
2017-11-29,1.342000,1.342000,1.342000,1.342000,1.280491,20000
2017-11-30,1.342000,1.342000,1.342000,1.342000,1.280491,0
2017-12-01,1.342000,1.342000,1.342000,1.342000,1.280491,0
2017-12-04,1.342000,1.342000,1.342000,1.342000,1.280491,0
2017-12-05,1.342000,1.342000,1.342000,1.342000,1.280491,0
2017-12-06,1.350000,1.350000,1.343000,1.344000,1.282399,8700
2017-12-07,1.344000,1.344000,1.344000,1.344000,1.282399,0
2017-12-08,1.346000,1.347000,1.346000,1.347000,1.285262,3900
2017-12-11,1.347000,1.347000,1.347000,1.347000,1.285262,0
2017-12-12,1.362000,1.373000,1.362000,1.373000,1.310070,102000
2017-12-13,1.388000,1.395000,1.388000,1.390000,1.326291,105600
2017-12-14,1.390000,1.390000,1.390000,1.390000,1.326291,0
2017-12-15,1.376000,1.378000,1.376000,1.378000,1.314841,4100
2017-12-18,1.378000,1.378000,1.378000,1.378000,1.314841,0
2017-12-19,1.388000,1.393000,1.384000,1.384000,1.320565,600
2017-12-20,1.384000,1.384000,1.384000,1.384000,1.320565,0
2017-12-21,1.384000,1.384000,1.374000,1.374000,1.311024,5000
2017-12-22,1.363000,1.363000,1.363000,1.363000,1.300528,1000
2017-12-26,1.374000,1.380000,1.374000,1.380000,1.316749,193000
2017-12-27,1.380000,1.380000,1.380000,1.380000,1.316749,0
2017-12-28,1.380000,1.380000,1.380000,1.380000,1.316749,4000
2017-12-29,1.387000,1.387000,1.380000,1.380000,1.316749,3000
2018-01-02,1.380000,1.381000,1.380000,1.381000,1.317703,15600
2018-01-03,1.381000,1.381000,1.381000,1.381000,1.317703,0
2018-01-04,1.395000,1.396000,1.395000,1.396000,1.332016,5600
2018-01-05,1.396000,1.396000,1.396000,1.396000,1.332016,0
2018-01-08,1.397000,1.397000,1.397000,1.397000,1.332970,200
2018-01-09,1.400000,1.400000,1.397000,1.397000,1.332970,6700
2018-01-10,1.390000,1.398000,1.390000,1.398000,1.333924,14500
2018-01-11,1.398000,1.398000,1.398000,1.398000,1.333924,0
2018-01-12,1.398000,1.398000,1.398000,1.398000,1.333924,0
2018-01-15,1.398000,1.398000,1.398000,1.398000,1.333924,0
2018-01-16,1.398000,1.398000,1.398000,1.398000,1.333924,0
2018-01-17,1.360000,1.362000,1.360000,1.362000,1.299574,20100
2018-01-18,1.362000,1.362000,1.362000,1.362000,1.299574,0
2018-01-19,1.366000,1.366000,1.366000,1.366000,1.303391,1000
2018-01-22,1.372000,1.372000,1.372000,1.372000,1.309116,10300
2018-01-23,1.372000,1.372000,1.372000,1.372000,1.309116,2400
2018-01-24,1.370000,1.384000,1.370000,1.380000,1.316749,286900
2018-01-25,1.370000,1.370000,1.370000,1.370000,1.307207,700
2018-01-26,1.370000,1.370000,1.370000,1.370000,1.307207,0
2018-01-29,1.380000,1.380000,1.370000,1.370000,1.307207,25800
2018-01-30,1.380000,1.383000,1.360000,1.360000,1.297666,36000
2018-01-31,1.374000,1.390000,1.372000,1.390000,1.326291,242000
2018-02-01,1.390000,1.390000,1.390000,1.390000,1.326291,0
2018-02-02,1.390000,1.390000,1.390000,1.390000,1.326291,0
2018-02-05,1.345000,1.345000,1.330000,1.330000,1.269041,12400
2018-02-06,1.340000,1.340000,1.330000,1.335000,1.273812,18700
2018-02-07,1.335000,1.335000,1.335000,1.335000,1.273812,0
2018-02-08,1.319000,1.319000,1.319000,1.319000,1.258545,35300
2018-02-09,1.319000,1.319000,1.319000,1.319000,1.258545,0
2018-02-12,1.290000,1.290000,1.290000,1.290000,1.230874,8000
2018-02-13,1.290000,1.290000,1.290000,1.290000,1.230874,0
2018-02-14,1.289000,1.289000,1.283000,1.283000,1.224195,232600
2018-02-15,1.283000,1.283000,1.283000,1.283000,1.224195,0
2018-02-19,1.283000,1.283000,1.283000,1.283000,1.224195,0
2018-02-20,1.310000,1.310000,1.300000,1.300000,1.240416,22100
2018-02-21,1.300000,1.300000,1.300000,1.300000,1.240416,0
2018-02-22,1.300000,1.300000,1.300000,1.300000,1.240416,0
2018-02-23,1.295000,1.295000,1.295000,1.295000,1.235645,4000
2018-02-26,1.310000,1.310000,1.305000,1.305000,1.245187,11800
2018-02-27,1.305000,1.305000,1.305000,1.305000,1.245187,0
2018-02-28,1.315000,1.315000,1.294000,1.294000,1.234691,56200
2018-03-01,1.294000,1.294000,1.294000,1.294000,1.234691,0
2018-03-02,1.299000,1.299000,1.299000,1.299000,1.239462,400
2018-03-05,1.299000,1.299000,1.299000,1.299000,1.239462,0
2018-03-06,1.299000,1.299000,1.299000,1.299000,1.239462,0
2018-03-07,1.285000,1.285000,1.285000,1.285000,1.226103,2000
2018-03-08,1.294000,1.294000,1.294000,1.294000,1.234691,8300
2018-03-09,1.294000,1.294000,1.294000,1.294000,1.234691,0
2018-03-12,1.294000,1.294000,1.294000,1.294000,1.234691,0
2018-03-13,1.294000,1.294000,1.294000,1.294000,1.234691,0
2018-03-14,1.294000,1.294000,1.294000,1.294000,1.234691,0
2018-03-15,1.310000,1.311000,1.310000,1.311000,1.250912,30200
2018-03-16,1.302000,1.305000,1.302000,1.305000,1.245187,5000
2018-03-19,1.305000,1.305000,1.305000,1.305000,1.245187,0
2018-03-20,1.305000,1.305000,1.305000,1.305000,1.245187,0
2018-03-21,1.300000,1.307000,1.300000,1.300000,1.240416,19200
2018-03-22,1.300000,1.300000,1.300000,1.300000,1.240416,0
2018-03-23,1.300000,1.300000,1.300000,1.300000,1.240416,0
2018-03-26,1.300000,1.300000,1.300000,1.300000,1.240416,0
2018-03-27,1.300000,1.300000,1.300000,1.300000,1.240416,0
2018-03-28,1.274000,1.274000,1.271000,1.271000,1.212745,11700
2018-03-29,1.271000,1.271000,1.271000,1.271000,1.212745,0
2018-04-02,1.271000,1.271000,1.271000,1.271000,1.212745,0
2018-04-03,1.280000,1.280000,1.270000,1.270000,1.211791,1300
2018-04-04,1.277000,1.277000,1.277000,1.277000,1.218470,1000
2018-04-05,1.277000,1.277000,1.277000,1.277000,1.218470,0
2018-04-06,1.277000,1.277000,1.277000,1.277000,1.218470,0
2018-04-09,1.353000,1.353000,1.293000,1.293000,1.233737,9900
2018-04-10,1.293000,1.293000,1.293000,1.293000,1.233737,0
2018-04-11,1.293000,1.293000,1.293000,1.293000,1.233737,0
2018-04-12,1.293000,1.293000,1.293000,1.293000,1.233737,0
2018-04-13,1.293000,1.293000,1.293000,1.293000,1.233737,0
2018-04-16,1.293000,1.293000,1.293000,1.293000,1.233737,1000
2018-04-17,1.295000,1.295000,1.295000,1.295000,1.235645,10100
2018-04-18,1.295000,1.295000,1.295000,1.295000,1.235645,0
2018-04-19,1.295000,1.295000,1.295000,1.295000,1.235645,0
2018-04-20,1.295000,1.295000,1.295000,1.295000,1.235645,0
2018-04-23,1.295000,1.295000,1.295000,1.295000,1.235645,0
2018-04-24,1.291000,1.291000,1.288000,1.288000,1.228966,20500
2018-04-25,1.288000,1.288000,1.282000,1.282000,1.223241,2800
2018-04-26,1.282000,1.282000,1.282000,1.282000,1.223241,0
2018-04-27,1.282000,1.282000,1.282000,1.282000,1.223241,0
2018-04-30,1.282000,1.282000,1.282000,1.282000,1.223241,0
2018-05-02,1.282000,1.282000,1.282000,1.282000,1.223241,0
2018-05-03,1.282000,1.282000,1.282000,1.282000,1.223241,0
2018-05-04,1.282000,1.282000,1.282000,1.282000,1.223241,0
2018-05-07,1.282000,1.282000,1.282000,1.282000,1.223241,0
2018-05-08,1.327000,1.327000,1.327000,1.327000,1.266178,1200
2018-05-09,1.330000,1.330000,1.330000,1.330000,1.269041,100
2018-05-10,1.330000,1.330000,1.330000,1.330000,1.269041,0
2018-05-11,1.330000,1.330000,1.330000,1.330000,1.269041,0
2018-05-14,1.331000,1.331000,1.327000,1.327000,1.266178,4700
2018-05-15,1.327000,1.327000,1.327000,1.327000,1.266178,3000
2018-05-16,1.327000,1.327000,1.327000,1.327000,1.266178,0
2018-05-17,1.310000,1.310000,1.310000,1.310000,1.249957,1200
2018-05-18,1.310000,1.310000,1.310000,1.310000,1.249957,0
2018-05-21,1.310000,1.310000,1.310000,1.310000,1.249957,0
2018-05-22,1.310000,1.310000,1.310000,1.310000,1.249957,0
2018-05-23,1.325000,1.330000,1.325000,1.330000,1.269041,11200
2018-05-24,1.340000,1.347000,1.340000,1.347000,1.285262,20400
2018-05-25,1.342000,1.342000,1.342000,1.342000,1.280491,5000
2018-05-28,1.351000,1.353000,1.351000,1.353000,1.290986,12500
2018-05-30,1.353000,1.353000,1.353000,1.353000,1.290986,0
2018-05-31,1.335000,1.342000,1.335000,1.342000,1.280491,9200
2018-06-01,1.342000,1.342000,1.342000,1.342000,1.280491,0
2018-06-04,1.355000,1.360000,1.355000,1.360000,1.297666,6900
2018-06-05,1.359000,1.359000,1.350000,1.350000,1.288124,13000
2018-06-06,1.350000,1.350000,1.350000,1.350000,1.288124,0
2018-06-07,1.350000,1.350000,1.350000,1.350000,1.288124,0
2018-06-08,1.350000,1.350000,1.350000,1.350000,1.288124,0
2018-06-11,1.350000,1.350000,1.350000,1.350000,1.288124,0
2018-06-12,1.345000,1.345000,1.344000,1.344000,1.282399,84500
2018-06-13,1.344000,1.344000,1.339000,1.339000,1.277628,11500
2018-06-14,1.339000,1.339000,1.339000,1.339000,1.277628,0
2018-06-18,1.339000,1.339000,1.339000,1.339000,1.291615,0
2018-06-19,1.333000,1.333000,1.319000,1.332000,1.284863,310000
2018-06-20,1.332000,1.332000,1.332000,1.332000,1.284863,0
2018-06-21,1.332000,1.332000,1.332000,1.332000,1.284863,0
2018-06-22,1.332000,1.332000,1.332000,1.332000,1.284863,0
2018-06-25,1.332000,1.332000,1.332000,1.332000,1.284863,0
2018-06-26,1.332000,1.332000,1.332000,1.332000,1.284863,0
2018-06-27,1.332000,1.332000,1.332000,1.332000,1.284863,0
2018-06-28,1.328000,1.335000,1.328000,1.330000,1.282934,25300
2018-06-29,1.330000,1.330000,1.330000,1.330000,1.282934,0
2018-07-02,1.330000,1.330000,1.330000,1.330000,1.282934,0
2018-07-03,1.330000,1.330000,1.330000,1.330000,1.282934,0
2018-07-04,1.330000,1.330000,1.330000,1.330000,1.282934,0
2018-07-05,1.345000,1.345000,1.345000,1.345000,1.297403,6000
2018-07-06,1.347000,1.354000,1.347000,1.354000,1.306084,8500
2018-07-09,1.363000,1.380000,1.363000,1.380000,1.331164,102000
2018-07-10,1.362000,1.362000,1.361000,1.361000,1.312836,17300
2018-07-11,1.361000,1.361000,1.361000,1.361000,1.312836,0
2018-07-12,1.361000,1.361000,1.361000,1.361000,1.312836,0
2018-07-13,1.375000,1.378000,1.375000,1.378000,1.329235,2800
2018-07-16,1.366000,1.366000,1.365000,1.366000,1.317660,113600
2018-07-17,1.366000,1.366000,1.366000,1.366000,1.317660,0
2018-07-18,1.365000,1.370000,1.361000,1.361000,1.312836,22200
2018-07-19,1.361000,1.361000,1.361000,1.361000,1.312836,0
2018-07-20,1.361000,1.361000,1.361000,1.361000,1.312836,0
2018-07-23,1.361000,1.361000,1.361000,1.361000,1.312836,0
2018-07-24,1.361000,1.361000,1.361000,1.361000,1.312836,0
2018-07-25,1.360000,1.360000,1.360000,1.360000,1.311872,1800
2018-07-26,1.360000,1.360000,1.360000,1.360000,1.311872,0
2018-07-27,1.370000,1.370000,1.370000,1.370000,1.321518,5000
2018-07-30,1.370000,1.373000,1.370000,1.373000,1.324412,5600
2018-07-31,1.373000,1.373000,1.373000,1.373000,1.324412,0
2018-08-01,1.373000,1.373000,1.373000,1.373000,1.324412,0
2018-08-02,1.368000,1.368000,1.368000,1.368000,1.319589,2400
2018-08-03,1.368000,1.368000,1.368000,1.368000,1.319589,0
2018-08-06,1.378000,1.378000,1.378000,1.378000,1.329235,6000
2018-08-07,1.378000,1.378000,1.378000,1.378000,1.329235,0
2018-08-08,1.396000,1.397000,1.396000,1.397000,1.347562,4700
2018-08-10,1.380000,1.380000,1.380000,1.380000,1.331164,100
2018-08-13,1.380000,1.380000,1.380000,1.380000,1.331164,0
2018-08-14,1.380000,1.380000,1.380000,1.380000,1.331164,0
2018-08-15,1.380000,1.380000,1.380000,1.380000,1.331164,0
2018-08-16,1.385000,1.385000,1.382000,1.382000,1.333093,5500
2018-08-17,1.382000,1.382000,1.382000,1.382000,1.333093,0
2018-08-20,1.400000,1.413000,1.400000,1.413000,1.362996,10600
2018-08-21,1.413000,1.413000,1.413000,1.413000,1.362996,0
2018-08-23,1.413000,1.413000,1.413000,1.413000,1.362996,0
2018-08-24,1.413000,1.413000,1.413000,1.413000,1.362996,0
2018-08-27,1.384000,1.384000,1.384000,1.384000,1.335022,7000
2018-08-28,1.384000,1.384000,1.384000,1.384000,1.335022,0
2018-08-29,1.392000,1.392000,1.390000,1.390000,1.340810,160000
2018-08-30,1.390000,1.390000,1.390000,1.390000,1.340810,0
2018-08-31,1.390000,1.390000,1.390000,1.390000,1.340810,0
2018-09-03,1.390000,1.390000,1.390000,1.390000,1.340810,0
2018-09-04,1.386000,1.386000,1.386000,1.386000,1.336952,100
2018-09-05,1.386000,1.386000,1.386000,1.386000,1.336952,0
2018-09-06,1.386000,1.386000,1.386000,1.386000,1.336952,0
2018-09-07,1.386000,1.386000,1.386000,1.386000,1.336952,0
2018-09-10,1.365000,1.365000,1.365000,1.365000,1.316695,900
2018-09-11,1.363000,1.364000,1.360000,1.364000,1.315730,184500
2018-09-12,1.365000,1.365000,1.365000,1.365000,1.316695,200
2018-09-13,1.365000,1.365000,1.365000,1.365000,1.316695,0
2018-09-14,1.377000,1.377000,1.377000,1.377000,1.328270,14000
2018-09-17,1.377000,1.377000,1.377000,1.377000,1.328270,0
2018-09-18,1.378000,1.378000,1.378000,1.378000,1.329235,1800
2018-09-19,1.378000,1.378000,1.378000,1.378000,1.329235,0
2018-09-20,1.378000,1.378000,1.378000,1.378000,1.329235,0
2018-09-21,1.362000,1.362000,1.362000,1.362000,1.313801,5000
2018-09-24,1.362000,1.362000,1.362000,1.362000,1.313801,0
2018-09-25,1.362000,1.362000,1.362000,1.362000,1.313801,0
2018-09-26,1.362000,1.362000,1.362000,1.362000,1.313801,0
2018-09-27,1.364000,1.364000,1.364000,1.364000,1.315730,6700
2018-09-28,1.359000,1.359000,1.359000,1.359000,1.310907,5000
2018-10-01,1.359000,1.359000,1.359000,1.359000,1.310907,0
2018-10-02,1.359000,1.359000,1.359000,1.359000,1.310907,0
2018-10-03,1.359000,1.359000,1.359000,1.359000,1.310907,0
2018-10-04,1.359000,1.359000,1.359000,1.359000,1.310907,0
2018-10-05,1.319000,1.319000,1.319000,1.319000,1.272323,7000
2018-10-08,1.320000,1.322000,1.316000,1.316000,1.269429,140600
2018-10-09,1.320000,1.320000,1.317000,1.317000,1.270394,101000
2018-10-10,1.317000,1.317000,1.317000,1.317000,1.270394,0
2018-10-11,1.308000,1.308000,1.305000,1.305000,1.258818,95000
2018-10-12,1.296000,1.296000,1.295000,1.295000,1.249172,400
2018-10-15,1.300000,1.300000,1.291000,1.291000,1.245314,59700
2018-10-16,1.291000,1.291000,1.291000,1.291000,1.245314,0
2018-10-17,1.291000,1.291000,1.291000,1.291000,1.245314,0
2018-10-18,1.291000,1.291000,1.291000,1.291000,1.245314,0
2018-10-19,1.291000,1.291000,1.291000,1.291000,1.245314,0
2018-10-22,1.291000,1.291000,1.291000,1.291000,1.245314,0
2018-10-23,1.291000,1.291000,1.291000,1.291000,1.245314,0
2018-10-24,1.314000,1.314000,1.313000,1.313000,1.266535,6300
2018-10-25,1.313000,1.313000,1.313000,1.313000,1.266535,0
2018-10-26,1.299000,1.302000,1.299000,1.300000,1.253995,16000
2018-10-29,1.300000,1.300000,1.300000,1.300000,1.253995,0
2018-10-30,1.307000,1.307000,1.307000,1.307000,1.260748,1000
2018-10-31,1.307000,1.307000,1.307000,1.307000,1.260748,0
2018-11-01,1.293000,1.293000,1.290000,1.290000,1.244349,92000
2018-11-02,1.290000,1.290000,1.290000,1.290000,1.244349,0
2018-11-05,1.294000,1.294000,1.290000,1.290000,1.244349,5200
2018-11-07,1.290000,1.290000,1.290000,1.290000,1.244349,0
2018-11-08,1.328000,1.328000,1.328000,1.328000,1.281004,500
2018-11-09,1.328000,1.328000,1.328000,1.328000,1.281004,0
2018-11-12,1.330000,1.330000,1.320000,1.320000,1.273287,140800
2018-11-13,1.320000,1.330000,1.320000,1.330000,1.282934,2300
2018-11-14,1.330000,1.330000,1.330000,1.330000,1.282934,0
2018-11-15,1.330000,1.330000,1.330000,1.330000,1.282934,0
2018-11-16,1.330000,1.330000,1.330000,1.330000,1.282934,0
2018-11-19,1.320000,1.323000,1.320000,1.323000,1.276181,20800
2018-11-20,1.323000,1.323000,1.323000,1.323000,1.276181,0
2018-11-21,1.323000,1.323000,1.323000,1.323000,1.276181,0
2018-11-22,1.323000,1.323000,1.323000,1.323000,1.276181,0
2018-11-23,1.335000,1.335000,1.335000,1.335000,1.287757,5000
2018-11-26,1.345000,1.345000,1.345000,1.345000,1.297403,1000
2018-11-27,1.345000,1.345000,1.345000,1.345000,1.297403,0
2018-11-28,1.345000,1.345000,1.345000,1.345000,1.297403,0
2018-11-29,1.345000,1.345000,1.345000,1.345000,1.297403,0
2018-11-30,1.345000,1.345000,1.345000,1.345000,1.297403,0
2018-12-03,1.357000,1.360000,1.357000,1.360000,1.311872,12300
2018-12-04,1.360000,1.360000,1.360000,1.360000,1.311872,0
2018-12-05,1.360000,1.360000,1.360000,1.360000,1.311872,0
2018-12-06,1.360000,1.360000,1.360000,1.360000,1.311872,0
2018-12-07,1.360000,1.360000,1.360000,1.360000,1.311872,0
2018-12-10,1.360000,1.360000,1.360000,1.360000,1.311872,0
2018-12-11,1.360000,1.360000,1.360000,1.360000,1.311872,0
2018-12-12,1.370000,1.377000,1.370000,1.377000,1.328270,15700
2018-12-13,1.382000,1.382000,1.370000,1.370000,1.321518,56900
2018-12-14,1.370000,1.370000,1.370000,1.370000,1.321518,0
2018-12-17,1.370000,1.370000,1.370000,1.370000,1.321518,0
2018-12-18,1.370000,1.370000,1.370000,1.370000,1.321518,0
2018-12-19,1.370000,1.370000,1.370000,1.370000,1.321518,0
2018-12-20,1.370000,1.370000,1.370000,1.370000,1.321518,0
2018-12-21,1.370000,1.370000,1.370000,1.370000,1.321518,0
2018-12-24,1.360000,1.360000,1.332000,1.332000,1.284863,23000
2018-12-26,1.334000,1.334000,1.320000,1.320000,1.273287,35200
2018-12-27,1.320000,1.320000,1.320000,1.320000,1.273287,0
2018-12-28,1.320000,1.320000,1.320000,1.320000,1.273287,0
2018-12-31,1.328000,1.328000,1.328000,1.328000,1.281004,7000
2019-01-01,1.328000,1.328000,1.328000,1.328000,1.281004,0
2019-01-02,1.317000,1.317000,1.310000,1.310000,1.263641,32500
2019-01-03,1.315000,1.315000,1.315000,1.315000,1.268464,200
2019-01-04,1.310000,1.310000,1.303000,1.303000,1.275906,6900
2019-01-07,1.303000,1.303000,1.303000,1.303000,1.275906,0
2019-01-08,1.310000,1.313000,1.310000,1.313000,1.285698,5900
2019-01-09,1.313000,1.313000,1.313000,1.313000,1.285698,0
2019-01-10,1.330000,1.331000,1.330000,1.331000,1.303324,15000
2019-01-11,1.338000,1.347000,1.338000,1.347000,1.318991,22000
2019-01-14,1.347000,1.347000,1.347000,1.347000,1.318991,0
2019-01-15,1.360000,1.360000,1.360000,1.360000,1.331721,3000
2019-01-16,1.360000,1.360000,1.360000,1.360000,1.331721,0
2019-01-17,1.360000,1.360000,1.360000,1.360000,1.331721,0
2019-01-18,1.353000,1.353000,1.353000,1.353000,1.324867,8000
2019-01-21,1.353000,1.353000,1.353000,1.353000,1.324867,700
2019-01-22,1.353000,1.353000,1.353000,1.353000,1.324867,0
2019-01-23,1.353000,1.353000,1.353000,1.353000,1.324867,0
2019-01-24,1.354000,1.354000,1.354000,1.354000,1.325846,9200
2019-01-25,1.354000,1.354000,1.354000,1.354000,1.325846,0
2019-01-28,1.380000,1.382000,1.380000,1.382000,1.353264,2200
2019-01-29,1.382000,1.396000,1.382000,1.396000,1.366973,11500
2019-01-30,1.395000,1.395000,1.392000,1.392000,1.363056,32000
2019-01-31,1.395000,1.398000,1.395000,1.398000,1.368931,27400
2019-02-01,1.386000,1.386000,1.386000,1.386000,1.357180,5000
2019-02-04,1.387000,1.387000,1.387000,1.387000,1.358160,3700
2019-02-05,1.387000,1.387000,1.387000,1.387000,1.358160,0
2019-02-07,1.387000,1.387000,1.387000,1.387000,1.358160,0
2019-02-08,1.412000,1.412000,1.411000,1.411000,1.381661,14300
2019-02-11,1.410000,1.415000,1.410000,1.410000,1.380681,11900
2019-02-12,1.410000,1.410000,1.410000,1.410000,1.380681,0
2019-02-13,1.410000,1.410000,1.410000,1.410000,1.380681,0
2019-02-14,1.410000,1.410000,1.410000,1.410000,1.380681,0
2019-02-15,1.410000,1.410000,1.410000,1.410000,1.380681,0
2019-02-18,1.410000,1.410000,1.410000,1.410000,1.380681,0
2019-02-19,1.422000,1.422000,1.422000,1.422000,1.392432,7000
2019-02-20,1.422000,1.422000,1.422000,1.422000,1.392432,0
2019-02-21,1.422000,1.422000,1.422000,1.422000,1.392432,0
2019-02-22,1.422000,1.422000,1.422000,1.422000,1.392432,0
2019-02-25,1.422000,1.422000,1.422000,1.422000,1.392432,0
2019-02-26,1.422000,1.422000,1.422000,1.422000,1.392432,0
2019-02-27,1.422000,1.422000,1.422000,1.422000,1.392432,0
2019-02-28,1.422000,1.422000,1.422000,1.422000,1.392432,0
2019-03-01,1.419000,1.424000,1.419000,1.424000,1.394390,33100
2019-03-04,1.424000,1.424000,1.424000,1.424000,1.394390,10000
2019-03-05,1.424000,1.424000,1.424000,1.424000,1.394390,0
2019-03-06,1.424000,1.424000,1.424000,1.424000,1.394390,0
2019-03-07,1.424000,1.424000,1.424000,1.424000,1.394390,0
2019-03-08,1.424000,1.424000,1.424000,1.424000,1.394390,0
2019-03-11,1.424000,1.424000,1.424000,1.424000,1.394390,0
2019-03-12,1.424000,1.424000,1.424000,1.424000,1.394390,0
2019-03-13,1.433000,1.437000,1.433000,1.437000,1.407120,11000
2019-03-14,1.434000,1.434000,1.434000,1.434000,1.404182,10000
2019-03-15,1.434000,1.434000,1.434000,1.434000,1.404182,0
2019-03-18,1.434000,1.434000,1.434000,1.434000,1.404182,0
2019-03-19,1.434000,1.434000,1.434000,1.434000,1.404182,0
2019-03-20,1.434000,1.434000,1.434000,1.434000,1.404182,0
2019-03-21,1.444000,1.444000,1.444000,1.444000,1.413974,20000
2019-03-22,1.444000,1.444000,1.444000,1.444000,1.413974,0
2019-03-25,1.444000,1.444000,1.444000,1.444000,1.413974,0
2019-03-26,1.444000,1.444000,1.444000,1.444000,1.413974,0
2019-03-27,1.444000,1.444000,1.444000,1.444000,1.413974,0
2019-03-28,1.444000,1.444000,1.444000,1.444000,1.413974,0
2019-03-29,1.444000,1.444000,1.444000,1.444000,1.413974,0
2019-04-01,1.444000,1.444000,1.444000,1.444000,1.413974,0
2019-04-02,1.444000,1.444000,1.444000,1.444000,1.413974,0
2019-04-03,1.444000,1.444000,1.444000,1.444000,1.413974,0
2019-04-04,1.444000,1.444000,1.444000,1.444000,1.413974,0
2019-04-05,1.444000,1.444000,1.444000,1.444000,1.413974,0
2019-04-08,1.454000,1.454000,1.454000,1.454000,1.423766,1400
2019-04-09,1.452000,1.453000,1.452000,1.453000,1.422787,26000
2019-04-10,1.453000,1.457000,1.453000,1.457000,1.426704,6000
2019-04-11,1.457000,1.457000,1.457000,1.457000,1.426704,0
2019-04-12,1.457000,1.457000,1.457000,1.457000,1.426704,0
2019-04-15,1.470000,1.470000,1.466000,1.466000,1.435517,20000
2019-04-16,1.466000,1.466000,1.466000,1.466000,1.435517,0
2019-04-17,1.461000,1.461000,1.459000,1.459000,1.428663,1200
2019-04-18,1.459000,1.459000,1.459000,1.459000,1.428663,0
2019-04-22,1.459000,1.459000,1.455000,1.455000,1.424746,21400
2019-04-23,1.450000,1.450000,1.450000,1.450000,1.419850,1900
2019-04-24,1.450000,1.450000,1.450000,1.450000,1.419850,0
2019-04-25,1.450000,1.450000,1.450000,1.450000,1.419850,0
2019-04-26,1.450000,1.450000,1.450000,1.450000,1.419850,0
2019-04-29,1.476000,1.476000,1.469000,1.469000,1.438455,15200
2019-04-30,1.453000,1.455000,1.453000,1.455000,1.424746,6000
2019-05-02,1.449000,1.449000,1.449000,1.449000,1.418870,2900
2019-05-03,1.449000,1.449000,1.449000,1.449000,1.418870,0
2019-05-06,1.448000,1.448000,1.435000,1.435000,1.405161,900
2019-05-07,1.435000,1.435000,1.435000,1.435000,1.405161,0
2019-05-08,1.447000,1.447000,1.437000,1.437000,1.407120,10100
2019-05-09,1.438000,1.438000,1.438000,1.438000,1.408099,600
2019-05-10,1.524000,1.524000,1.453000,1.453000,1.422787,3900
2019-05-13,1.457000,1.457000,1.457000,1.457000,1.426704,700
2019-05-14,1.457000,1.457000,1.457000,1.457000,1.426704,0
2019-05-15,1.457000,1.457000,1.457000,1.457000,1.426704,0
2019-05-16,1.467000,1.467000,1.467000,1.467000,1.436496,35000
2019-05-17,1.475000,1.485000,1.475000,1.485000,1.454122,315200
2019-05-21,1.500000,1.505000,1.500000,1.505000,1.473706,288100
2019-05-22,1.505000,1.505000,1.505000,1.505000,1.473706,0
2019-05-23,1.505000,1.505000,1.505000,1.505000,1.473706,0
2019-05-24,1.505000,1.505000,1.505000,1.505000,1.473706,0
2019-05-27,1.517000,1.517000,1.517000,1.517000,1.485456,1000
2019-05-28,1.517000,1.517000,1.517000,1.517000,1.485456,0
2019-05-29,1.517000,1.517000,1.517000,1.517000,1.485456,0
2019-05-30,1.517000,1.517000,1.517000,1.517000,1.485456,0
2019-05-31,1.491000,1.492000,1.491000,1.492000,1.460976,1900
2019-06-03,1.492000,1.492000,1.492000,1.492000,1.460976,0
2019-06-04,1.492000,1.492000,1.492000,1.492000,1.460976,0
2019-06-06,1.492000,1.492000,1.492000,1.492000,1.460976,0
2019-06-07,1.549000,1.550000,1.549000,1.550000,1.517770,41000
2019-06-10,1.550000,1.550000,1.547000,1.547000,1.514833,36200
2019-06-11,1.547000,1.547000,1.547000,1.547000,1.514833,0
2019-06-12,1.547000,1.547000,1.547000,1.547000,1.514833,100
2019-06-13,1.547000,1.547000,1.547000,1.547000,1.514833,0
2019-06-14,1.547000,1.547000,1.547000,1.547000,1.514833,0
2019-06-17,1.537000,1.537000,1.537000,1.537000,1.505041,1400
2019-06-18,1.537000,1.537000,1.537000,1.537000,1.505041,0
2019-06-19,1.537000,1.537000,1.537000,1.537000,1.505041,0
2019-06-20,1.548000,1.548000,1.547000,1.547000,1.514833,13200
2019-06-21,1.547000,1.547000,1.547000,1.547000,1.514833,0
2019-06-24,1.550000,1.550000,1.550000,1.550000,1.517770,5100
2019-06-25,1.560000,1.563000,1.554000,1.563000,1.530500,103200
2019-06-26,1.563000,1.563000,1.515000,1.515000,1.515000,13400
2019-06-27,1.520000,1.520000,1.513000,1.515000,1.515000,74800
2019-06-28,1.515000,1.515000,1.515000,1.515000,1.515000,0
2019-07-01,1.518000,1.518000,1.517000,1.517000,1.517000,2300
2019-07-02,1.525000,1.525000,1.514000,1.519000,1.519000,217900
2019-07-03,1.532000,1.544000,1.532000,1.544000,1.544000,220400
2019-07-04,1.560000,1.560000,1.560000,1.560000,1.560000,8300
2019-07-05,1.565000,1.582000,1.565000,1.580000,1.580000,270800
2019-07-08,1.580000,1.586000,1.570000,1.573000,1.573000,70200
2019-07-09,1.550000,1.553000,1.550000,1.550000,1.550000,1200
2019-07-10,1.554000,1.554000,1.549000,1.549000,1.549000,61300
2019-07-11,1.561000,1.561000,1.556000,1.556000,1.556000,11000
2019-07-12,1.555000,1.555000,1.555000,1.555000,1.555000,29000
2019-07-15,1.540000,1.542000,1.539000,1.540000,1.540000,115500
2019-07-16,1.546000,1.551000,1.546000,1.551000,1.551000,26000
2019-07-17,1.551000,1.551000,1.548000,1.548000,1.548000,83000
2019-07-18,1.456000,1.548000,1.456000,1.548000,1.548000,9100
2019-07-19,1.557000,1.557000,1.557000,1.557000,1.557000,53600
2019-07-22,1.538000,1.538000,1.538000,1.538000,1.538000,6800
2019-07-23,1.544000,1.547000,1.544000,1.547000,1.547000,53600
2019-07-24,1.548000,1.548000,1.547000,1.547000,1.547000,107200
2019-07-25,1.547000,1.547000,1.547000,1.547000,1.547000,0
2019-07-26,1.127000,1.127000,1.127000,1.126000,1.126000,20000
